transaction,date,value,tag
uninove eh dez18625,2021-08-14,29.97,educacao
Carrefour super20921,2020-09-30,209.92,alimentacao
40638Pão de açucar,2021-10-23,40.24,alimentacao
13638claro ctrl,2020-07-22,215.5,servicos
46538Seguro vida santander,2020-12-26,155.66,servicos
Colégio Maristela65215,2021-05-25,205.5,educacao
89886vivo ctrl,2020-06-19,110.58,servicos
63973Colégio Maristela,2020-11-10,132.1,educacao
24876claro ctrl,2020-03-04,26.6,servicos
42520alura*cursos,2020-02-11,205.37,educacao
41202uberbr uber,2020-11-14,215.29,servicos
ubereats98640,2020-11-25,175.16,alimentacao
tim beta92446,2021-08-09,28.33,servicos
pacote de benef66218,2020-12-11,212,servicos
81260vivo ctrl,2020-09-21,175.5,servicos
claro ctrl63074,2020-10-27,272.11,servicos
57270Seguro vida santander,2020-10-11,142.8,servicos
rappi app comid55009,2020-12-18,126.28,alimentacao
extra mercado91176,2021-11-06,14.4,alimentacao
2414alura*cursos,2021-09-04,136.49,educacao
uninove eh dez1883,2021-04-06,263.97,educacao
2855Colégio Maristela,2020-03-13,72.73,educacao
Pão de açucar14971,2020-08-09,287.11,alimentacao
96388Carrefour super,2021-03-19,225.69,alimentacao
merc dia29464,2020-08-01,190.94,alimentacao
Escola Mariana EE96119,2021-08-24,234.32,educacao
Colégio Maristela26998,2021-10-15,77.73,educacao
93306Pão de açucar,2021-05-27,64.54,alimentacao
faculdades integradas eniac56475,2021-03-08,292.71,educacao
1783claro ctrl,2020-07-19,49.67,servicos
uninove eh dez74994,2020-07-21,215.48,educacao
Seguro vida santander90079,2020-10-04,237.19,servicos
50695vivo ctrl,2020-04-12,40.68,servicos
99 app67932,2020-11-09,135.66,servicos
85687Carrefour super,2021-02-03,56.44,alimentacao
73526extra mercado,2020-01-18,271.65,alimentacao
Carrefour super88757,2020-12-10,10.88,alimentacao
udemy*java93486,2021-06-08,127.48,educacao
10828Colégio Maristela,2019-12-31,69.4,educacao
96294claro ctrl,2021-03-25,128.95,servicos
facu ung guaru1234,2021-05-29,81.32,educacao
faculdades integradas eniac51451,2021-05-03,47.14,educacao
47776Escola Mariana EE,2021-01-30,258.27,educacao
70599Seguro vida santander,2020-09-15,286.92,servicos
faculdades integradas eniac66344,2020-10-20,58.7,educacao
23387pacote de benef,2021-03-27,225.95,servicos
20818alura*cursos,2020-06-22,200.63,educacao
alura*cursos24505,2021-07-14,24.27,educacao
40207pacote de benef,2021-08-26,69.26,servicos
rappi app comid97738,2021-05-23,78.76,alimentacao
27294extra mercado,2021-02-21,228.88,alimentacao
30400uberbr uber,2021-10-23,272.3,servicos
faculdades integradas eniac13543,2020-09-13,169.86,educacao
55490Seguro vida santander,2020-02-29,289.31,servicos
Carrefour super58321,2021-05-04,43.13,alimentacao
99 app7743,2021-07-30,44.9,servicos
65213uninove eh dez,2021-01-22,265.16,educacao
97243Carrefour super,2020-02-09,147.61,alimentacao
96089merc dia,2021-04-06,58.75,alimentacao
Pão de açucar33140,2020-09-01,276.67,alimentacao
27184Carrefour super,2021-09-28,169.33,alimentacao
Colégio Maristela7187,2021-10-03,260.2,educacao
87292Carrefour super,2021-05-05,93.19,alimentacao
11795tim beta,2020-06-21,221.53,servicos
61930Pão de açucar,2021-06-16,296.5,alimentacao
95327alura*cursos,2020-07-13,241.29,educacao
merc dia18222,2021-04-16,126.83,alimentacao
Escola Mariana EE23429,2021-06-30,26.25,educacao
36546udemy*java,2021-10-30,275.78,educacao
96367alura*cursos,2021-03-27,239.37,educacao
2549899 app,2020-11-03,133.11,servicos
58971uberbr uber,2020-08-07,40.96,servicos
74892claro ctrl,2020-10-04,268.62,servicos
8734199 app,2020-01-29,180.23,servicos
tim beta60440,2021-10-05,139.9,servicos
uberbr uber84283,2021-03-31,185.63,servicos
99 app33730,2021-01-29,280.33,servicos
vivo ctrl34387,2020-03-12,149.23,servicos
faculdades integradas eniac22647,2020-09-19,217.96,educacao
uberbr uber69453,2020-05-11,253.61,servicos
2056pacote de benef,2020-01-09,19.7,servicos
67121faculdades integradas eniac,2020-04-24,177.65,educacao
7155alura*cursos,2021-09-13,299.9,educacao
99 app62106,2020-12-16,112.19,servicos
alura*cursos93765,2020-06-06,121.93,educacao
uberbr uber6334,2021-04-14,173.12,servicos
1919Pão de açucar,2021-11-10,256.94,alimentacao
90214facu ung guaru,2021-01-16,99.77,educacao
Carrefour super42663,2020-11-28,296.43,alimentacao
48832Carrefour super,2020-10-19,298.29,alimentacao
91896facu ung guaru,2020-05-12,267.38,educacao
7277299 app,2020-06-06,298.9,servicos
84222vivo ctrl,2021-03-07,27.62,servicos
alura*cursos88328,2021-09-21,203.85,educacao
rappi app comid18214,2021-01-23,102.9,alimentacao
25311facu ung guaru,2021-08-29,18.17,educacao
uninove eh dez63525,2020-12-17,226.3,educacao
6402Carrefour super,2020-04-16,62.97,alimentacao
23592facu ung guaru,2021-07-08,136.28,educacao
merc dia81716,2021-01-20,81.6,alimentacao
36660facu ung guaru,2021-02-17,80.34,educacao
Pão de açucar6909,2021-08-02,64.31,alimentacao
Pão de açucar23340,2021-05-12,52.76,alimentacao
Carrefour super26227,2020-06-14,184.62,alimentacao
faculdades integradas eniac18646,2021-11-01,207.23,educacao
merc dia95208,2021-02-27,113.56,alimentacao
udemy*java85808,2021-06-06,117.41,educacao
46818uninove eh dez,2021-06-15,130.27,educacao
34498udemy*java,2021-11-12,153.41,educacao
29053vivo ctrl,2021-07-19,65.76,servicos
77376uberbr uber,2020-08-26,239.42,servicos
uninove eh dez50558,2020-11-22,6.51,educacao
65428claro ctrl,2021-11-16,116.33,servicos
4509599 app,2021-07-25,141.39,servicos
91875vivo ctrl,2021-07-17,27.88,servicos
76161Carrefour super,2020-04-13,298.17,alimentacao
tim beta18452,2021-08-29,8.84,servicos
uberbr uber2757,2021-01-26,197.76,servicos
84640tim beta,2020-07-24,276.35,servicos
99 app12742,2021-07-06,207.3,servicos
merc dia46899,2020-08-10,25.81,alimentacao
1618Seguro vida santander,2020-07-26,223.54,servicos
Pão de açucar44005,2020-08-23,117.56,alimentacao
71387Pão de açucar,2021-03-24,230.47,alimentacao
45093uberbr uber,2021-07-22,8.13,servicos
pacote de benef44806,2020-02-19,120.36,servicos
99 app34163,2020-05-30,63.38,servicos
15997Pão de açucar,2021-08-24,188.5,alimentacao
372299 app,2020-07-04,40.53,servicos
Carrefour super26618,2020-11-27,102.22,alimentacao
71151vivo ctrl,2020-05-21,40.53,servicos
Carrefour super61842,2021-04-22,74.8,alimentacao
Seguro vida santander15263,2021-03-19,82.76,servicos
Pão de açucar49711,2021-10-22,169.8,alimentacao
ubereats98318,2021-07-05,142.41,alimentacao
99 app42781,2020-09-22,179.92,servicos
Pão de açucar75750,2020-04-03,72.74,alimentacao
42342merc dia,2020-07-22,163.59,alimentacao
62917uberbr uber,2021-08-01,291.43,servicos
19223Carrefour super,2020-03-12,170.15,alimentacao
Escola Mariana EE90560,2020-06-06,275.76,educacao
Escola Mariana EE60229,2021-06-09,80.43,educacao
52967vivo ctrl,2020-12-08,290.1,servicos
16292rappi app comid,2020-06-30,47.58,alimentacao
rappi app comid77958,2020-02-18,39.26,alimentacao
36301Pão de açucar,2020-03-12,83,alimentacao
23641rappi app comid,2020-06-12,100.24,alimentacao
uberbr uber4135,2021-03-26,225.79,servicos
14483alura*cursos,2020-05-04,143.67,educacao
31437claro ctrl,2021-05-19,23.11,servicos
31215vivo ctrl,2021-10-27,88.16,servicos
63002Pão de açucar,2020-02-11,220.5,alimentacao
11825facu ung guaru,2021-10-18,30.6,educacao
uberbr uber94218,2020-11-23,78.67,servicos
facu ung guaru59458,2020-01-09,83.2,educacao
udemy*java33970,2021-11-13,103.56,educacao
46941faculdades integradas eniac,2021-08-11,283.27,educacao
96133uberbr uber,2020-06-08,270.2,servicos
46956Seguro vida santander,2021-11-09,225.18,servicos
67607uninove eh dez,2020-04-29,94.21,educacao
Pão de açucar27522,2021-10-05,192.9,alimentacao
Seguro vida santander23105,2020-08-21,91.92,servicos
Escola Mariana EE50515,2021-08-28,292.12,educacao
94645Colégio Maristela,2021-09-04,75.87,educacao
79272udemy*java,2020-05-08,162.2,educacao
vivo ctrl87710,2020-10-09,209.98,servicos
extra mercado65222,2020-06-27,198.53,alimentacao
39504Pão de açucar,2020-12-06,244.41,alimentacao
Pão de açucar93089,2021-03-27,34.6,alimentacao
82782ubereats,2020-08-16,30.71,alimentacao
41148ubereats,2020-06-08,198.3,alimentacao
92149pacote de benef,2021-09-24,168.63,servicos
uninove eh dez42185,2020-07-12,201.7,educacao
87385Carrefour super,2021-10-17,210.46,alimentacao
tim beta29252,2020-04-24,157.58,servicos
68320tim beta,2021-09-07,250.86,servicos
34786udemy*java,2021-04-26,279.7,educacao
Escola Mariana EE90783,2020-07-22,61.25,educacao
76387merc dia,2020-04-25,85.23,alimentacao
13429faculdades integradas eniac,2020-01-04,26.53,educacao
merc dia15069,2020-01-16,3.68,alimentacao
30472tim beta,2021-01-30,109.22,servicos
60627Carrefour super,2021-09-27,254.1,alimentacao
69209facu ung guaru,2021-07-19,31.55,educacao
10546merc dia,2020-10-21,250.29,alimentacao
25656udemy*java,2021-03-23,24.11,educacao
Colégio Maristela40050,2020-07-31,120.78,educacao
facu ung guaru30923,2020-06-15,70.64,educacao
38511vivo ctrl,2020-10-09,17.7,servicos
84788merc dia,2020-01-29,151.8,alimentacao
63713claro ctrl,2020-02-27,114.67,servicos
pacote de benef83719,2021-10-18,271.67,servicos
alura*cursos47888,2020-04-06,237.16,educacao
Carrefour super52017,2021-03-30,238.8,alimentacao
87536facu ung guaru,2020-09-12,136.72,educacao
Pão de açucar87865,2020-11-14,52.65,alimentacao
Carrefour super38599,2020-12-29,115.95,alimentacao
extra mercado32874,2020-09-10,283.23,alimentacao
12730Colégio Maristela,2021-07-22,227.35,educacao
51162Carrefour super,2020-06-11,240.75,alimentacao
Carrefour super26497,2021-07-09,147.23,alimentacao
Pão de açucar73674,2020-11-10,223.91,alimentacao
faculdades integradas eniac52765,2020-10-27,233.92,educacao
29574udemy*java,2021-02-20,91.19,educacao
28888alura*cursos,2020-03-13,14.55,educacao
Seguro vida santander25010,2020-02-11,83.77,servicos
pacote de benef29642,2021-11-07,234.6,servicos
9020799 app,2020-02-16,46.94,servicos
vivo ctrl25311,2021-09-19,189.31,servicos
ubereats63226,2021-08-13,133.95,alimentacao
Carrefour super74108,2020-03-14,173.13,alimentacao
58151tim beta,2021-01-10,196.56,servicos
udemy*java635,2020-08-07,178.65,educacao
74647vivo ctrl,2020-06-20,9.19,servicos
65635claro ctrl,2021-09-23,290.77,servicos
59319claro ctrl,2020-03-07,299.93,servicos
36226tim beta,2020-10-12,111.91,servicos
19347ubereats,2020-09-01,78.77,alimentacao
60381Escola Mariana EE,2020-10-24,298.47,educacao
uninove eh dez69362,2021-09-13,240.54,educacao
74170vivo ctrl,2020-04-18,53.71,servicos
Carrefour super60786,2021-03-24,191.2,alimentacao
22386Seguro vida santander,2021-01-08,115.34,servicos
88141Carrefour super,2020-09-18,108.25,alimentacao
uberbr uber49471,2021-04-19,84.5,servicos
faculdades integradas eniac91871,2021-02-19,133.39,educacao
1248599 app,2021-08-25,103.14,servicos
Escola Mariana EE70898,2020-03-07,132.81,educacao
udemy*java31878,2021-06-14,205.87,educacao
facu ung guaru63172,2021-06-04,133.13,educacao
Seguro vida santander94890,2021-10-01,104.7,servicos
Pão de açucar3734,2020-10-15,283.97,alimentacao
faculdades integradas eniac7045,2020-12-02,188.87,educacao
Escola Mariana EE9291,2021-03-31,63.89,educacao
32108ubereats,2021-10-08,59.26,alimentacao
vivo ctrl31596,2020-12-21,286.4,servicos
41600alura*cursos,2021-11-17,246.2,educacao
Carrefour super91472,2021-03-08,52.86,alimentacao
46391facu ung guaru,2020-09-25,102.6,educacao
84191Escola Mariana EE,2021-06-06,255.26,educacao
13760claro ctrl,2021-10-06,237.21,servicos
Carrefour super23873,2021-08-17,237.32,alimentacao
Seguro vida santander22011,2021-08-30,56.58,servicos
25782Colégio Maristela,2020-06-09,85.4,educacao
16449Seguro vida santander,2020-11-05,163.73,servicos
ubereats21401,2021-03-02,198.86,alimentacao
99 app17384,2020-07-01,109.58,servicos
52716Pão de açucar,2021-09-01,3.51,alimentacao
7480merc dia,2021-03-22,204.89,alimentacao
82506Carrefour super,2020-11-24,18.33,alimentacao
Pão de açucar3479,2021-06-14,161.37,alimentacao
35410facu ung guaru,2020-09-24,90.54,educacao
33231facu ung guaru,2020-09-14,124.93,educacao
Seguro vida santander35887,2020-11-02,229.49,servicos
vivo ctrl85336,2021-09-05,50.79,servicos
82010extra mercado,2021-01-01,220.69,alimentacao
merc dia56610,2021-01-07,180.51,alimentacao
67450Escola Mariana EE,2021-04-19,243.1,educacao
pacote de benef63457,2020-11-18,143.13,servicos
87027Carrefour super,2021-04-18,173.93,alimentacao
rappi app comid21384,2021-10-18,238.6,alimentacao
27954Carrefour super,2021-03-20,239.36,alimentacao
65143uberbr uber,2020-03-04,60.48,servicos
90271rappi app comid,2021-07-10,97.4,alimentacao
41055Colégio Maristela,2020-02-21,77.67,educacao
alura*cursos42320,2020-01-01,35.32,educacao
16140pacote de benef,2020-06-28,52.44,servicos
Colégio Maristela65864,2020-06-07,172.51,educacao
7875vivo ctrl,2021-03-19,204.6,servicos
73908vivo ctrl,2021-06-07,59.22,servicos
claro ctrl53693,2020-07-12,209.48,servicos
7602extra mercado,2021-04-16,195,alimentacao
49728alura*cursos,2020-04-15,272.61,educacao
75235uninove eh dez,2020-02-15,96.34,educacao
uninove eh dez27819,2021-07-11,176.1,educacao
vivo ctrl79528,2021-08-11,208.24,servicos
merc dia56853,2020-07-04,286.77,alimentacao
Carrefour super14379,2020-11-21,68.34,alimentacao
udemy*java12450,2021-01-17,277.65,educacao
faculdades integradas eniac71587,2021-07-09,31.33,educacao
Escola Mariana EE58273,2020-04-14,145.47,educacao
34080Pão de açucar,2020-08-19,216.13,alimentacao
Pão de açucar17427,2021-10-07,80.31,alimentacao
Seguro vida santander61507,2020-03-11,232.55,servicos
30541udemy*java,2021-03-17,42.89,educacao
claro ctrl81998,2020-03-19,275.5,servicos
alura*cursos44593,2021-11-06,239.22,educacao
Escola Mariana EE8487,2020-01-15,285.79,educacao
faculdades integradas eniac83213,2020-08-14,125.66,educacao
pacote de benef44072,2020-04-02,115.33,servicos
8564Carrefour super,2020-06-07,225.13,alimentacao
78947Carrefour super,2021-06-19,179.69,alimentacao
extra mercado78605,2020-10-07,173.44,alimentacao
67576uberbr uber,2020-02-22,244.45,servicos
merc dia1740,2021-10-23,30.15,alimentacao
81045udemy*java,2021-10-09,243.83,educacao
Carrefour super72887,2020-07-27,61.41,alimentacao
80146uberbr uber,2020-01-02,271.53,servicos
7194499 app,2020-09-14,103.74,servicos
Pão de açucar61863,2021-04-13,122.42,alimentacao
ubereats475,2020-05-10,174.5,alimentacao
Pão de açucar16566,2021-11-17,115.87,alimentacao
78852pacote de benef,2021-05-11,31.13,servicos
Carrefour super18374,2020-10-21,28.3,alimentacao
14655Pão de açucar,2021-10-13,78.18,alimentacao
5713ubereats,2020-05-16,27.76,alimentacao
11222Carrefour super,2020-08-07,164.51,alimentacao
91905Carrefour super,2020-08-15,130.42,alimentacao
Colégio Maristela84604,2020-03-18,80.7,educacao
faculdades integradas eniac15437,2021-11-17,14.35,educacao
75784claro ctrl,2020-08-20,15.81,servicos
claro ctrl96764,2021-10-28,264.61,servicos
Pão de açucar13188,2020-08-16,10.74,alimentacao
51147ubereats,2021-09-28,116.3,alimentacao
86841uberbr uber,2021-08-29,71.86,servicos
claro ctrl94275,2020-10-21,92.65,servicos
Pão de açucar37883,2021-11-16,184.38,alimentacao
72016Colégio Maristela,2020-04-20,289.75,educacao
63736Colégio Maristela,2021-09-21,283.19,educacao
Carrefour super20624,2020-06-14,217.62,alimentacao
22519Pão de açucar,2021-03-17,12.24,alimentacao
uberbr uber43636,2020-11-20,130.11,servicos
41851Pão de açucar,2020-07-24,213.26,alimentacao
extra mercado69617,2021-10-13,219.24,alimentacao
7759599 app,2020-04-09,169.4,servicos
94628faculdades integradas eniac,2021-01-27,40.8,educacao
31338extra mercado,2020-10-20,13.7,alimentacao
uninove eh dez72919,2021-04-25,170.12,educacao
17233merc dia,2020-05-07,100.74,alimentacao
5522399 app,2020-05-14,99.68,servicos
85341Pão de açucar,2021-02-24,10.34,alimentacao
38353tim beta,2020-04-24,51.16,servicos
Seguro vida santander93274,2020-07-21,216.84,servicos
Colégio Maristela11995,2021-02-06,57.62,educacao
81232merc dia,2020-04-01,203.24,alimentacao
59668Seguro vida santander,2021-02-18,202.13,servicos
rappi app comid19039,2020-01-31,142,alimentacao
rappi app comid24864,2021-01-16,232.62,alimentacao
66641extra mercado,2020-11-12,214.41,alimentacao
67066facu ung guaru,2020-11-07,102.71,educacao
merc dia3527,2021-09-03,258.21,alimentacao
7336199 app,2021-04-18,92.66,servicos
56028extra mercado,2021-06-23,78.1,alimentacao
9062faculdades integradas eniac,2020-05-02,117.4,educacao
30144faculdades integradas eniac,2020-12-09,141.9,educacao
extra mercado86357,2021-02-11,0.7,alimentacao
pacote de benef90124,2021-05-30,216.67,servicos
Seguro vida santander27047,2020-03-21,7.86,servicos
ubereats89862,2020-06-04,299.44,alimentacao
vivo ctrl65555,2021-03-31,3.68,servicos
rappi app comid94768,2021-01-23,188.4,alimentacao
Pão de açucar3818,2020-01-02,34.83,alimentacao
62296Pão de açucar,2020-12-27,226.62,alimentacao
merc dia49407,2020-09-20,6.73,alimentacao
Colégio Maristela15341,2020-11-13,258.22,educacao
alura*cursos6754,2021-10-08,299.48,educacao
merc dia37658,2020-11-16,93.35,alimentacao
vivo ctrl28091,2020-03-29,22.86,servicos
Escola Mariana EE81402,2021-04-29,71.12,educacao
uberbr uber85527,2021-05-01,296.74,servicos
pacote de benef82856,2021-09-30,186.68,servicos
faculdades integradas eniac42139,2020-11-23,232.98,educacao
Carrefour super41469,2020-06-22,231.57,alimentacao
vivo ctrl38071,2020-09-13,28.82,servicos
vivo ctrl57252,2020-03-19,99.37,servicos
alura*cursos3964,2020-05-25,234.44,educacao
39289Colégio Maristela,2020-05-31,295.93,educacao
2596tim beta,2021-05-13,210.71,servicos
Seguro vida santander59352,2021-03-26,54.28,servicos
Pão de açucar47039,2020-04-02,142.3,alimentacao
38442Pão de açucar,2020-01-05,142.7,alimentacao
82680vivo ctrl,2021-11-20,26.44,servicos
1146499 app,2020-08-26,58.42,servicos
Seguro vida santander31212,2021-04-20,173.36,servicos
7637099 app,2021-06-13,20.59,servicos
17188tim beta,2021-03-16,27.41,servicos
Pão de açucar24644,2021-03-30,47.45,alimentacao
uberbr uber56037,2021-11-24,169.97,servicos
27383Carrefour super,2021-06-27,264.93,alimentacao
9490Pão de açucar,2020-10-05,21.81,alimentacao
tim beta36592,2020-04-05,97.4,servicos
rappi app comid92855,2020-10-31,105.66,alimentacao
77806faculdades integradas eniac,2020-03-29,86.31,educacao
37070Colégio Maristela,2020-02-13,147.41,educacao
rappi app comid63836,2020-10-02,87.62,alimentacao
28657Carrefour super,2020-09-16,156.5,alimentacao
83415claro ctrl,2021-07-28,116.26,servicos
udemy*java18133,2020-10-11,287.38,educacao
faculdades integradas eniac44431,2021-10-20,220.27,educacao
49981uberbr uber,2021-09-17,10.69,servicos
88656faculdades integradas eniac,2021-01-20,2.61,educacao
vivo ctrl23731,2020-11-03,207.7,servicos
pacote de benef10441,2021-07-06,76.52,servicos
81866Pão de açucar,2021-03-14,60.32,alimentacao
uberbr uber53148,2021-08-09,104,servicos
58105Pão de açucar,2021-02-24,52.15,alimentacao
faculdades integradas eniac33947,2021-02-01,221.9,educacao
18218rappi app comid,2020-09-01,207.65,alimentacao
tim beta75366,2020-05-30,273.98,servicos
tim beta56571,2020-12-22,120.2,servicos
97427Pão de açucar,2020-01-22,9.35,alimentacao
21909Seguro vida santander,2020-12-27,154.51,servicos
uninove eh dez27184,2021-05-07,286.39,educacao
Colégio Maristela23004,2020-09-21,298.48,educacao
28486faculdades integradas eniac,2021-09-18,100.71,educacao
Pão de açucar91553,2020-11-26,106.76,alimentacao
91751uberbr uber,2021-10-16,10.21,servicos
4996099 app,2020-03-10,128.36,servicos
29020facu ung guaru,2020-01-05,47.88,educacao
99 app31646,2021-07-08,157.36,servicos
claro ctrl16217,2020-03-16,50.12,servicos
alura*cursos61976,2021-02-12,199.39,educacao
67994extra mercado,2021-02-11,11.7,alimentacao
Colégio Maristela33707,2021-08-23,192.41,educacao
merc dia72376,2020-08-10,154.53,alimentacao
18030uninove eh dez,2020-01-27,199.1,educacao
40686ubereats,2020-12-06,123.3,alimentacao
21061Carrefour super,2020-12-04,122.93,alimentacao
45594faculdades integradas eniac,2021-11-03,215.6,educacao
1951tim beta,2021-11-16,140.43,servicos
tim beta68662,2020-02-01,284.1,servicos
46496extra mercado,2021-03-28,249.12,alimentacao
46904pacote de benef,2020-09-01,233.48,servicos
Pão de açucar36667,2021-01-12,146.74,alimentacao
ubereats58980,2021-04-19,245.8,alimentacao
90199rappi app comid,2021-01-01,290.88,alimentacao
30032Carrefour super,2020-12-30,187.32,alimentacao
80343pacote de benef,2020-12-20,268.7,servicos
75082alura*cursos,2021-08-10,262.5,educacao
vivo ctrl45912,2020-02-26,120.44,servicos
21489pacote de benef,2021-03-27,85.66,servicos
Carrefour super14145,2020-01-29,97.95,alimentacao
extra mercado61071,2020-06-24,250.61,alimentacao
3367Pão de açucar,2020-07-24,85.66,alimentacao
extra mercado63766,2020-05-05,24.61,alimentacao
26386alura*cursos,2020-11-17,279.15,educacao
47240merc dia,2020-12-12,32.62,alimentacao
10187Escola Mariana EE,2021-10-29,86.7,educacao
57892vivo ctrl,2021-05-01,245.77,servicos
30706udemy*java,2021-02-06,212.6,educacao
Colégio Maristela41565,2021-07-18,221.6,educacao
57533ubereats,2020-07-13,214.92,alimentacao
ubereats10150,2020-03-28,127.29,alimentacao
50147uberbr uber,2020-12-23,286.37,servicos
536399 app,2020-10-01,92.47,servicos
49257tim beta,2021-05-06,36.3,servicos
Pão de açucar68899,2021-08-15,236.33,alimentacao
Colégio Maristela87805,2021-11-12,94.12,educacao
54632claro ctrl,2021-06-25,293.87,servicos
merc dia29259,2020-07-19,169.23,alimentacao
tim beta55575,2021-01-14,76.9,servicos
rappi app comid83713,2020-09-02,181.88,alimentacao
rappi app comid57818,2021-08-28,260.53,alimentacao
merc dia25053,2020-11-07,143.48,alimentacao
rappi app comid3220,2021-02-14,153.73,alimentacao
22105uninove eh dez,2021-08-30,49.79,educacao
Carrefour super88196,2020-12-18,205.78,alimentacao
42681tim beta,2020-03-31,124.22,servicos
21852Pão de açucar,2021-04-09,218.35,alimentacao
71028Escola Mariana EE,2021-05-05,13.74,educacao
3414claro ctrl,2020-06-11,119.27,servicos
96584faculdades integradas eniac,2021-08-15,82.48,educacao
3554merc dia,2020-10-10,133.86,alimentacao
99 app33819,2020-09-29,284,servicos
37673tim beta,2021-07-13,3.67,servicos
48562merc dia,2020-08-29,159.91,alimentacao
3640999 app,2020-07-11,62.15,servicos
18736uberbr uber,2021-10-21,263.35,servicos
Colégio Maristela24695,2020-03-18,76.76,educacao
53432Seguro vida santander,2021-06-21,82.35,servicos
22096rappi app comid,2020-09-08,199.55,alimentacao
Escola Mariana EE49109,2021-09-25,95.24,educacao
13632Seguro vida santander,2020-05-03,232.68,servicos
93244Carrefour super,2021-09-14,104,alimentacao
udemy*java78780,2021-09-06,148.46,educacao
13644facu ung guaru,2021-03-24,155.36,educacao
47713claro ctrl,2020-04-22,18.36,servicos
80565extra mercado,2021-08-20,252.9,alimentacao
facu ung guaru83580,2020-06-01,115.56,educacao
Carrefour super34643,2021-11-04,84.5,alimentacao
97384udemy*java,2021-06-13,183.18,educacao
uninove eh dez10586,2021-06-12,7.25,educacao
ubereats43045,2020-02-22,73.4,alimentacao
39305claro ctrl,2020-07-31,16.5,servicos
33166Carrefour super,2021-01-13,283.41,alimentacao
35445Pão de açucar,2021-10-20,49.56,alimentacao
10695rappi app comid,2020-02-03,205.14,alimentacao
Seguro vida santander17058,2021-09-17,180.35,servicos
84334tim beta,2021-04-05,190.94,servicos
Seguro vida santander91877,2021-09-20,134.91,servicos
pacote de benef98671,2021-04-04,172.93,servicos
99 app19427,2021-06-25,212.47,servicos
extra mercado97638,2020-06-29,45.63,alimentacao
51912uberbr uber,2021-10-11,189.6,servicos
76781Carrefour super,2021-05-31,32.55,alimentacao
61131extra mercado,2021-09-14,49.69,alimentacao
57206uberbr uber,2021-06-05,245.93,servicos
udemy*java97426,2020-05-07,297.72,educacao
16986Pão de açucar,2021-09-18,42.12,alimentacao
Seguro vida santander85973,2020-11-23,111.25,servicos
29323faculdades integradas eniac,2020-06-05,291.52,educacao
udemy*java56145,2020-10-07,262.35,educacao
vivo ctrl67254,2021-02-15,40.1,servicos
47328rappi app comid,2020-04-01,208.97,alimentacao
uberbr uber41592,2021-05-03,297.77,servicos
21089vivo ctrl,2020-04-27,71.64,servicos
faculdades integradas eniac60958,2021-11-02,271.1,educacao
10524Carrefour super,2021-09-27,23.78,alimentacao
uninove eh dez93372,2020-10-07,154.24,educacao
faculdades integradas eniac41733,2020-09-21,97.2,educacao
extra mercado92610,2020-07-02,195.35,alimentacao
25966Escola Mariana EE,2021-09-24,294.77,educacao
51777facu ung guaru,2021-07-04,59.83,educacao
Colégio Maristela79249,2021-08-30,34.2,educacao
uninove eh dez5603,2021-11-18,297.82,educacao
Colégio Maristela35349,2020-03-23,20.9,educacao
16075uninove eh dez,2021-08-12,32.63,educacao
facu ung guaru73140,2021-10-09,299.64,educacao
pacote de benef6163,2021-07-14,79.62,servicos
Seguro vida santander67826,2020-04-20,47.16,servicos
92834Seguro vida santander,2020-03-09,221.38,servicos
71457udemy*java,2021-03-14,198.7,educacao
88677ubereats,2021-11-16,46.78,alimentacao
vivo ctrl88396,2020-10-18,63.6,servicos
uninove eh dez67987,2020-03-19,9.79,educacao
rappi app comid31916,2021-06-05,10.66,alimentacao
72602Pão de açucar,2021-01-29,182.62,alimentacao
6457rappi app comid,2021-02-28,99.36,alimentacao
75472Carrefour super,2021-09-20,284.22,alimentacao
extra mercado91429,2020-02-13,206.82,alimentacao
26869claro ctrl,2020-06-29,46.47,servicos
Carrefour super82274,2021-06-20,168.31,alimentacao
8488499 app,2020-03-08,280.46,servicos
22557alura*cursos,2021-08-22,27.87,educacao
26300pacote de benef,2020-11-07,202.82,servicos
rappi app comid93036,2021-04-07,247.45,alimentacao
Carrefour super16914,2021-10-30,73.8,alimentacao
Carrefour super30187,2020-09-08,106.54,alimentacao
26942Colégio Maristela,2021-08-02,43.78,educacao
Colégio Maristela87015,2020-04-13,275.89,educacao
extra mercado3241,2020-11-04,86.17,alimentacao
facu ung guaru85841,2020-07-06,171.16,educacao
alura*cursos77539,2020-12-20,83.2,educacao
tim beta89023,2021-05-31,25.32,servicos
Colégio Maristela82874,2021-05-03,31.76,educacao
uberbr uber69271,2021-09-24,33.93,servicos
56574alura*cursos,2020-02-04,219.2,educacao
65827Carrefour super,2020-04-06,67.71,alimentacao
4907alura*cursos,2020-06-06,283.32,educacao
udemy*java82998,2020-03-22,191.7,educacao
15282Carrefour super,2021-11-28,39.35,alimentacao
29725faculdades integradas eniac,2021-06-01,22.5,educacao
Carrefour super39638,2020-05-09,194.84,alimentacao
ubereats95970,2021-01-04,124.1,alimentacao
pacote de benef52443,2021-07-08,285.78,servicos
89880pacote de benef,2021-01-04,190.54,servicos
13891Pão de açucar,2021-08-20,270.15,alimentacao
uninove eh dez6431,2020-05-12,252.11,educacao
Carrefour super56807,2020-12-05,261.23,alimentacao
ubereats68501,2021-10-30,97.72,alimentacao
Colégio Maristela75184,2021-07-02,215.6,educacao
Seguro vida santander51610,2020-07-31,202.1,servicos
merc dia89200,2021-02-01,152.97,alimentacao
56258tim beta,2021-07-31,23.69,servicos
53251Escola Mariana EE,2020-08-02,252.76,educacao
extra mercado61763,2020-09-28,257.85,alimentacao
93863Escola Mariana EE,2020-03-08,270.48,educacao
58649udemy*java,2020-04-03,166.46,educacao
uninove eh dez94065,2020-07-07,257.15,educacao
Escola Mariana EE65626,2020-09-19,52.25,educacao
76048claro ctrl,2021-05-14,293.26,servicos
1793899 app,2021-03-07,42.8,servicos
83530Colégio Maristela,2021-09-26,45.63,educacao
8527299 app,2020-06-04,147.97,servicos
Carrefour super94178,2020-05-05,238.37,alimentacao
vivo ctrl72276,2021-02-17,96.73,servicos
uberbr uber51772,2020-03-14,245.34,servicos
17214uberbr uber,2021-01-20,72.86,servicos
46834Colégio Maristela,2020-11-03,227.5,educacao
5803299 app,2020-05-06,109.9,servicos
Colégio Maristela63927,2021-05-07,141.12,educacao
uninove eh dez85078,2021-04-04,0.66,educacao
vivo ctrl48409,2021-06-05,262.56,servicos
uberbr uber47175,2020-12-15,22.36,servicos
92731Pão de açucar,2020-05-23,228.71,alimentacao
vivo ctrl34826,2021-02-13,197.92,servicos
faculdades integradas eniac68420,2021-02-26,86.7,educacao
48186faculdades integradas eniac,2020-11-23,167.37,educacao
Carrefour super96324,2020-07-03,263.33,alimentacao
93781alura*cursos,2020-02-10,263.67,educacao
Colégio Maristela13158,2020-07-05,79.55,educacao
extra mercado68141,2020-06-12,283.34,alimentacao
85557alura*cursos,2020-10-08,181.96,educacao
59645udemy*java,2020-09-27,206.75,educacao
74612facu ung guaru,2020-07-29,147.18,educacao
merc dia95504,2020-08-02,140.3,alimentacao
80756alura*cursos,2021-02-11,13.36,educacao
33941tim beta,2020-03-26,99.7,servicos
faculdades integradas eniac83189,2020-01-02,116.89,educacao
faculdades integradas eniac58976,2021-05-26,7.94,educacao
Colégio Maristela86050,2020-11-22,7.89,educacao
Carrefour super51579,2021-11-24,131.2,alimentacao
44765Seguro vida santander,2021-05-17,160.54,servicos
54444extra mercado,2020-01-15,40.3,alimentacao
66772Seguro vida santander,2020-06-22,2.76,servicos
1940merc dia,2021-02-12,18.41,alimentacao
945uberbr uber,2021-11-15,166.37,servicos
facu ung guaru20633,2020-06-03,192.18,educacao
36291claro ctrl,2020-02-14,142.56,servicos
rappi app comid61421,2020-10-07,271.17,alimentacao
Pão de açucar91929,2021-01-07,84.16,alimentacao
extra mercado30623,2021-06-17,277.41,alimentacao
rappi app comid4768,2020-06-03,92.37,alimentacao
320099 app,2020-06-16,202.81,servicos
71650rappi app comid,2021-04-22,48.7,alimentacao
75362Carrefour super,2021-06-23,160.3,alimentacao
62067ubereats,2021-01-15,166.8,alimentacao
Carrefour super85394,2020-11-06,124.11,alimentacao
88157Carrefour super,2020-06-06,127.36,alimentacao
extra mercado46613,2021-10-24,108.12,alimentacao
uberbr uber49060,2021-03-30,295.2,servicos
Colégio Maristela80850,2020-06-02,10.42,educacao
uninove eh dez42867,2021-07-11,298.57,educacao
faculdades integradas eniac51727,2020-01-12,68.7,educacao
27443alura*cursos,2021-03-11,81.26,educacao
rappi app comid71568,2020-12-07,220.51,alimentacao
Pão de açucar2620,2021-07-24,269.5,alimentacao
72681pacote de benef,2020-03-01,11.1,servicos
70522vivo ctrl,2020-07-09,171.1,servicos
65611Colégio Maristela,2021-02-07,275.42,educacao
merc dia70817,2020-04-27,215.23,alimentacao
40846claro ctrl,2021-05-25,155.63,servicos
10032alura*cursos,2020-03-20,222.79,educacao
8749uninove eh dez,2021-08-26,109.7,educacao
Escola Mariana EE68317,2020-02-05,211.7,educacao
24061alura*cursos,2020-05-21,162.4,educacao
41463Carrefour super,2021-02-24,103.87,alimentacao
Carrefour super64504,2021-04-04,65.22,alimentacao
facu ung guaru34415,2020-08-22,195.16,educacao
Seguro vida santander5862,2020-12-23,156.35,servicos
rappi app comid24535,2021-03-31,162.87,alimentacao
6756merc dia,2021-11-18,177.21,alimentacao
uninove eh dez64436,2021-04-19,285.54,educacao
12497Pão de açucar,2021-11-01,180.85,alimentacao
tim beta37337,2021-10-27,263.19,servicos
Pão de açucar60958,2021-09-08,277.15,alimentacao
50019tim beta,2020-01-22,298.93,servicos
ubereats47405,2020-01-02,80.92,alimentacao
Colégio Maristela19602,2020-06-10,69.4,educacao
claro ctrl97619,2020-06-11,140.65,servicos
68291udemy*java,2020-11-24,272.96,educacao
claro ctrl6952,2021-04-05,218.85,servicos
16801uninove eh dez,2021-09-10,135.84,educacao
69805merc dia,2020-12-05,155.38,alimentacao
60379Colégio Maristela,2021-01-08,187.38,educacao
facu ung guaru54526,2021-04-06,132.94,educacao
19437uninove eh dez,2020-07-06,191.7,educacao
merc dia79588,2021-08-07,180.38,alimentacao
Carrefour super12658,2020-09-27,43.82,alimentacao
Escola Mariana EE29501,2021-01-15,160.69,educacao
16633Colégio Maristela,2021-11-20,136.48,educacao
rappi app comid57352,2020-01-18,136.39,alimentacao
Carrefour super43035,2020-03-20,292.75,alimentacao
64553Colégio Maristela,2021-05-17,27.62,educacao
54600ubereats,2020-07-23,145.86,alimentacao
facu ung guaru48422,2021-10-02,264.63,educacao
Colégio Maristela6727,2020-02-19,51.71,educacao
Pão de açucar66526,2020-04-11,187.87,alimentacao
faculdades integradas eniac11324,2020-11-12,83.53,educacao
5791799 app,2021-02-04,46.61,servicos
vivo ctrl18490,2021-06-13,248.14,servicos
93159Pão de açucar,2021-02-13,214.21,alimentacao
uberbr uber84277,2020-01-13,141.85,servicos
vivo ctrl54452,2021-01-08,73.17,servicos
facu ung guaru23762,2021-11-16,117.57,educacao
25673extra mercado,2020-11-09,259.55,alimentacao
udemy*java34410,2021-09-30,115.19,educacao
71708Colégio Maristela,2021-04-01,170.66,educacao
faculdades integradas eniac12051,2020-06-11,108.2,educacao
32181facu ung guaru,2020-08-25,247.88,educacao
5917299 app,2020-12-23,47.42,servicos
23142claro ctrl,2020-05-19,86.91,servicos
7838099 app,2020-06-21,238.36,servicos
17172extra mercado,2020-10-27,50.59,alimentacao
16927vivo ctrl,2021-01-29,233.67,servicos
66911ubereats,2021-11-13,188.3,alimentacao
alura*cursos7041,2020-04-16,228.82,educacao
faculdades integradas eniac69147,2020-09-02,26.2,educacao
rappi app comid44591,2021-05-10,216.41,alimentacao
Carrefour super37760,2020-09-26,53.73,alimentacao
Pão de açucar61140,2021-10-31,274.73,alimentacao
86003tim beta,2021-07-19,48.94,servicos
claro ctrl12723,2020-10-21,210.38,servicos
faculdades integradas eniac57848,2021-06-19,48.21,educacao
42802Escola Mariana EE,2020-06-12,295.65,educacao
ubereats98044,2021-07-26,118.33,alimentacao
88154Pão de açucar,2020-12-03,128.43,alimentacao
63042faculdades integradas eniac,2021-02-28,273.7,educacao
71999Carrefour super,2021-08-15,59.72,alimentacao
63246extra mercado,2020-06-13,269.5,alimentacao
77726Pão de açucar,2020-12-08,65.62,alimentacao
vivo ctrl17202,2020-07-05,140.48,servicos
99 app46385,2020-10-20,273.5,servicos
Seguro vida santander26900,2020-11-06,193.2,servicos
facu ung guaru87690,2020-07-25,196.28,educacao
82992Colégio Maristela,2021-06-16,258.29,educacao
1238199 app,2021-02-02,157.97,servicos
35837rappi app comid,2020-04-17,267.91,alimentacao
Seguro vida santander97655,2020-06-14,251.16,servicos
9076claro ctrl,2021-08-20,135.38,servicos
extra mercado97168,2020-04-10,267.4,alimentacao
9834999 app,2021-05-17,115.5,servicos
udemy*java2215,2021-05-24,101.74,educacao
tim beta73912,2020-04-04,43.84,servicos
alura*cursos31265,2020-03-16,54.77,educacao
92985ubereats,2020-06-04,8.46,alimentacao
36314pacote de benef,2021-11-01,261.61,servicos
faculdades integradas eniac65206,2020-08-12,121.11,educacao
44107Seguro vida santander,2020-04-22,215.19,servicos
faculdades integradas eniac62230,2021-08-05,185.55,educacao
vivo ctrl43781,2021-02-10,206.28,servicos
ubereats28906,2021-10-22,253.97,alimentacao
94927uninove eh dez,2020-03-29,78.35,educacao
40054claro ctrl,2020-10-30,255.47,servicos
pacote de benef65203,2021-10-09,243.52,servicos
pacote de benef55773,2021-02-26,34.21,servicos
3774facu ung guaru,2021-03-20,287.64,educacao
76980tim beta,2020-08-02,143.72,servicos
Colégio Maristela40893,2020-07-11,177.36,educacao
8394499 app,2021-04-12,135.95,servicos
tim beta15973,2021-01-19,116.41,servicos
Pão de açucar35048,2020-07-12,5.81,alimentacao
67717vivo ctrl,2021-06-15,101.88,servicos
uninove eh dez93648,2020-08-03,174.69,educacao
82388udemy*java,2020-03-04,44.81,educacao
74312Carrefour super,2020-09-26,182.83,alimentacao
vivo ctrl55311,2021-08-05,211.39,servicos
claro ctrl72061,2021-10-03,230.47,servicos
42352tim beta,2020-07-13,84.52,servicos
Escola Mariana EE5736,2020-07-26,55.96,educacao
73450vivo ctrl,2020-09-24,203.86,servicos
72378ubereats,2021-03-22,232.67,alimentacao
pacote de benef17519,2021-08-06,108.24,servicos
80756udemy*java,2020-12-13,110.91,educacao
Pão de açucar32030,2021-09-11,286.78,alimentacao
Pão de açucar20821,2021-06-01,13.3,alimentacao
claro ctrl81809,2021-09-12,120.36,servicos
Escola Mariana EE36400,2020-05-31,0.88,educacao
ubereats1121,2021-05-18,6.66,alimentacao
60818uberbr uber,2020-09-20,26.73,servicos
46355Carrefour super,2021-08-10,103.72,alimentacao
57261Pão de açucar,2020-10-12,246.59,alimentacao
vivo ctrl91929,2020-05-03,293.12,servicos
67340Escola Mariana EE,2021-04-02,292.41,educacao
41811claro ctrl,2020-02-12,177.44,servicos
16818vivo ctrl,2020-08-23,165.74,servicos
uninove eh dez58086,2021-02-07,10.51,educacao
vivo ctrl35545,2021-05-13,85.44,servicos
Escola Mariana EE67053,2020-08-11,104.66,educacao
33168pacote de benef,2020-07-22,185.44,servicos
62509Seguro vida santander,2020-06-09,67.16,servicos
28187faculdades integradas eniac,2021-10-19,45.41,educacao
Seguro vida santander9887,2021-01-02,211.89,servicos
39728rappi app comid,2020-09-08,263.71,alimentacao
44769Pão de açucar,2020-08-08,19.34,alimentacao
udemy*java5690,2020-06-14,153.53,educacao
22100facu ung guaru,2021-05-09,118.44,educacao
udemy*java72655,2021-03-26,126.69,educacao
16941Pão de açucar,2021-06-16,192.69,alimentacao
faculdades integradas eniac45491,2021-08-11,61.1,educacao
33636Colégio Maristela,2021-10-04,198.76,educacao
udemy*java89262,2021-04-24,200.3,educacao
62267udemy*java,2021-01-04,22.15,educacao
Colégio Maristela91761,2020-01-17,3.91,educacao
faculdades integradas eniac44677,2021-11-25,78.86,educacao
Pão de açucar16018,2021-08-04,238.7,alimentacao
36561extra mercado,2021-06-07,62.4,alimentacao
claro ctrl69977,2020-12-05,20.8,servicos
8554faculdades integradas eniac,2020-05-23,83.38,educacao
rappi app comid69710,2020-09-15,281.72,alimentacao
extra mercado89324,2021-01-30,196.66,alimentacao
extra mercado1329,2020-11-18,11.29,alimentacao
60843faculdades integradas eniac,2021-06-19,122.49,educacao
99 app23776,2020-07-06,201.64,servicos
pacote de benef31896,2021-07-19,174,servicos
72121Colégio Maristela,2020-03-23,142.4,educacao
rappi app comid94852,2020-03-28,200.54,alimentacao
13037alura*cursos,2020-10-06,173.56,educacao
61802alura*cursos,2021-02-24,255.65,educacao
extra mercado95348,2021-01-19,160.53,alimentacao
Pão de açucar59769,2020-01-16,170.14,alimentacao
pacote de benef96749,2020-11-13,231.3,servicos
pacote de benef23063,2020-05-19,83.34,servicos
40339tim beta,2021-08-18,200.94,servicos
40456Carrefour super,2020-11-14,227.56,alimentacao
Carrefour super67040,2021-02-03,230.82,alimentacao
facu ung guaru19032,2021-08-12,193.1,educacao
66672merc dia,2020-03-07,97.75,alimentacao
Escola Mariana EE62829,2020-05-04,285.43,educacao
udemy*java95754,2021-01-31,206.93,educacao
ubereats12284,2020-03-17,249.21,alimentacao
61139udemy*java,2020-08-08,69.2,educacao
82395Carrefour super,2020-11-27,85.25,alimentacao
tim beta73636,2020-03-16,236.19,servicos
uninove eh dez23109,2021-05-26,246.74,educacao
65449pacote de benef,2020-09-07,280.68,servicos
44586Colégio Maristela,2020-04-18,29.98,educacao
83037Colégio Maristela,2021-03-23,165.49,educacao
99 app70715,2021-05-21,220.31,servicos
85664facu ung guaru,2020-09-17,119.31,educacao
59890claro ctrl,2021-02-05,68.29,servicos
Carrefour super48820,2020-01-15,240.61,alimentacao
rappi app comid90941,2021-03-23,200.1,alimentacao
50588Carrefour super,2021-05-05,212.96,alimentacao
facu ung guaru13724,2021-01-08,98.17,educacao
70886ubereats,2020-11-23,187.9,alimentacao
7384rappi app comid,2021-09-14,188.14,alimentacao
Pão de açucar58499,2021-09-29,63.86,alimentacao
uberbr uber65094,2021-01-04,107.26,servicos
tim beta84004,2020-06-13,144.31,servicos
Pão de açucar62596,2020-12-12,239.45,alimentacao
uberbr uber26125,2020-03-22,0.48,servicos
70480Carrefour super,2021-10-09,225.87,alimentacao
21612extra mercado,2020-12-13,73.69,alimentacao
faculdades integradas eniac6859,2021-01-31,290.46,educacao
27837claro ctrl,2021-07-28,168,servicos
Seguro vida santander61636,2021-11-29,148.5,servicos
vivo ctrl21867,2021-11-18,265.17,servicos
61684uberbr uber,2020-02-14,274.5,servicos
Seguro vida santander79479,2020-12-31,209.9,servicos
45981facu ung guaru,2021-07-28,157.18,educacao
uninove eh dez62321,2021-07-08,93.65,educacao
claro ctrl40572,2020-09-29,206.6,servicos
73257alura*cursos,2020-12-16,19.43,educacao
43187uberbr uber,2020-06-27,73.1,servicos
Seguro vida santander13092,2021-06-13,179.77,servicos
14906rappi app comid,2021-07-07,78.19,alimentacao
claro ctrl69996,2020-08-10,177.31,servicos
Seguro vida santander4879,2020-10-14,132.67,servicos
Colégio Maristela16180,2021-02-04,105.1,educacao
vivo ctrl19933,2021-09-10,111.67,servicos
claro ctrl79517,2020-04-10,65.28,servicos
10388Pão de açucar,2020-06-22,163.43,alimentacao
faculdades integradas eniac63956,2020-05-23,63.7,educacao
81693claro ctrl,2020-02-17,183.59,servicos
48145tim beta,2020-01-12,162.46,servicos
uberbr uber78951,2020-04-23,113.54,servicos
24153tim beta,2021-07-27,217.26,servicos
alura*cursos7730,2020-12-12,235.92,educacao
7350vivo ctrl,2021-03-20,160.71,servicos
40130uninove eh dez,2021-07-07,71.54,educacao
Escola Mariana EE18329,2021-11-25,9.11,educacao
Pão de açucar47602,2021-04-25,286.58,alimentacao
69302Carrefour super,2020-03-30,118.28,alimentacao
47885merc dia,2021-11-19,64.87,alimentacao
43087udemy*java,2021-06-03,205.3,educacao
ubereats39121,2021-05-24,48.22,alimentacao
Carrefour super5004,2021-11-27,20.68,alimentacao
claro ctrl46068,2020-05-25,165.17,servicos
16167Pão de açucar,2020-03-22,283.14,alimentacao
alura*cursos33359,2021-10-09,246.29,educacao
35914pacote de benef,2020-03-14,41.95,servicos
64380Escola Mariana EE,2020-10-14,248.46,educacao
Carrefour super52085,2021-04-24,9.19,alimentacao
8885ubereats,2021-08-26,253,alimentacao
8498merc dia,2020-05-02,126.71,alimentacao
80764Seguro vida santander,2020-03-13,269.6,servicos
vivo ctrl3489,2021-10-26,270.56,servicos
78000alura*cursos,2021-08-30,239.14,educacao
pacote de benef42114,2020-01-13,70.55,servicos
uninove eh dez8375,2020-10-22,276.95,educacao
48422Colégio Maristela,2020-01-14,269.73,educacao
Seguro vida santander73310,2020-01-19,129.69,servicos
81166Carrefour super,2021-01-16,234.33,alimentacao
87071vivo ctrl,2021-02-05,7.95,servicos
48911Colégio Maristela,2020-06-02,279.7,educacao
37814vivo ctrl,2020-03-10,147.18,servicos
Carrefour super29738,2020-10-11,247.97,alimentacao
9435299 app,2021-10-21,85.14,servicos
rappi app comid50629,2021-08-21,27.64,alimentacao
48591claro ctrl,2021-05-01,198.66,servicos
65580faculdades integradas eniac,2021-11-23,194.16,educacao
uberbr uber13537,2020-12-31,115.89,servicos
uninove eh dez19021,2020-10-26,209.67,educacao
merc dia10478,2021-04-24,282.77,alimentacao
92242tim beta,2020-10-03,135.49,servicos
Escola Mariana EE80702,2020-01-31,217.5,educacao
79224merc dia,2020-01-22,121.97,alimentacao
pacote de benef780,2020-04-17,222.79,servicos
tim beta61458,2021-08-04,121.5,servicos
56973extra mercado,2020-09-04,141.23,alimentacao
Carrefour super49880,2021-08-16,90,alimentacao
38290pacote de benef,2020-07-10,100.98,servicos
6419199 app,2021-05-20,20.12,servicos
Pão de açucar48077,2021-04-18,202.92,alimentacao
Pão de açucar51323,2020-05-28,93.93,alimentacao
65289udemy*java,2021-04-08,218.97,educacao
vivo ctrl34739,2020-03-03,129.1,servicos
10672vivo ctrl,2021-03-11,47.84,servicos
74567merc dia,2020-08-29,3.91,alimentacao
Pão de açucar4011,2020-05-14,177.1,alimentacao
83590udemy*java,2020-06-03,294.8,educacao
tim beta63240,2020-07-06,94.76,servicos
ubereats69054,2021-09-09,183.59,alimentacao
99 app2383,2020-06-02,289.35,servicos
98387faculdades integradas eniac,2021-10-30,187.9,educacao
pacote de benef80729,2021-10-19,295.28,servicos
merc dia26739,2021-10-28,259.95,alimentacao
Colégio Maristela97224,2021-11-26,287.35,educacao
merc dia50778,2021-06-21,141.22,alimentacao
alura*cursos49177,2020-03-21,170.25,educacao
facu ung guaru92697,2020-10-03,283.13,educacao
faculdades integradas eniac39878,2021-07-22,290.6,educacao
alura*cursos68780,2020-11-27,172.71,educacao
Carrefour super4486,2021-07-20,248.25,alimentacao
Escola Mariana EE61363,2021-02-22,105.96,educacao
52051udemy*java,2020-04-29,37.31,educacao
Pão de açucar93189,2021-07-29,18.29,alimentacao
tim beta23984,2021-08-06,269,servicos
55250merc dia,2021-05-27,265.89,alimentacao
50675faculdades integradas eniac,2021-04-12,288.89,educacao
381Escola Mariana EE,2020-01-26,0.17,educacao
Seguro vida santander62640,2020-04-29,65.4,servicos
Colégio Maristela60531,2020-04-05,237.88,educacao
ubereats74860,2020-03-25,155.28,alimentacao
tim beta69137,2020-11-09,39.23,servicos
merc dia97468,2020-10-29,31.1,alimentacao
94702uninove eh dez,2021-10-04,63.75,educacao
ubereats64760,2020-06-03,262.58,alimentacao
8715ubereats,2021-10-22,285.9,alimentacao
extra mercado9421,2021-11-10,275.32,alimentacao
pacote de benef85114,2020-04-15,257.62,servicos
28334pacote de benef,2020-11-18,87.65,servicos
63167Carrefour super,2021-05-01,106.83,alimentacao
50839pacote de benef,2021-06-30,206.98,servicos
alura*cursos62654,2020-08-03,31.64,educacao
rappi app comid17835,2021-04-02,192.63,alimentacao
ubereats15813,2021-04-12,154.56,alimentacao
33775Pão de açucar,2021-09-30,179.78,alimentacao
21332Carrefour super,2020-03-08,18.4,alimentacao
95820uninove eh dez,2020-08-12,86.88,educacao
81041Colégio Maristela,2020-11-18,31.3,educacao
vivo ctrl64418,2021-05-25,75.47,servicos
46013pacote de benef,2020-06-18,98.9,servicos
vivo ctrl64230,2020-08-28,179.34,servicos
3668Pão de açucar,2021-01-14,272.11,alimentacao
34476rappi app comid,2020-09-20,271.11,alimentacao
udemy*java79787,2020-02-29,146.2,educacao
alura*cursos56998,2020-06-17,265.28,educacao
uninove eh dez90338,2020-09-24,138.98,educacao
Carrefour super39723,2021-10-18,247.51,alimentacao
Pão de açucar66331,2021-07-04,174.16,alimentacao
50423facu ung guaru,2021-07-08,151.52,educacao
88221faculdades integradas eniac,2020-01-27,146.8,educacao
Carrefour super47968,2020-03-14,22.85,alimentacao
uberbr uber33533,2021-10-24,206.61,servicos
Carrefour super97885,2020-08-03,277.84,alimentacao
Pão de açucar21713,2021-09-14,43.47,alimentacao
alura*cursos95212,2020-05-21,30.29,educacao
extra mercado73923,2021-03-30,90.56,alimentacao
77108Seguro vida santander,2020-10-04,232.23,servicos
13100Colégio Maristela,2020-10-18,91.28,educacao
68573udemy*java,2021-11-17,157.71,educacao
19429ubereats,2020-12-10,34.47,alimentacao
80460Seguro vida santander,2020-06-07,44.75,servicos
91672Seguro vida santander,2020-08-30,279.89,servicos
65077rappi app comid,2020-07-13,231.8,alimentacao
Seguro vida santander66670,2020-04-17,110.35,servicos
uninove eh dez292,2020-11-22,104.21,educacao
75044Seguro vida santander,2020-12-08,299.43,servicos
udemy*java50905,2021-04-28,204.14,educacao
68116vivo ctrl,2021-06-05,251.76,servicos
extra mercado25974,2021-04-27,37.67,alimentacao
30403tim beta,2021-01-04,261.17,servicos
pacote de benef78462,2020-01-15,89.85,servicos
37419vivo ctrl,2021-03-11,272.2,servicos
98095uninove eh dez,2021-09-28,262.76,educacao
14359Escola Mariana EE,2020-04-22,98.1,educacao
Carrefour super98340,2020-12-15,277.38,alimentacao
48803tim beta,2021-02-06,230.4,servicos
Escola Mariana EE49462,2020-07-25,106.66,educacao
23948uninove eh dez,2021-01-04,158.6,educacao
faculdades integradas eniac48713,2020-08-13,234.23,educacao
extra mercado72693,2020-06-02,41.5,alimentacao
48751faculdades integradas eniac,2021-11-16,153.97,educacao
alura*cursos41785,2020-04-28,24.39,educacao
pacote de benef33115,2021-11-22,44.55,servicos
4083facu ung guaru,2020-03-28,2.91,educacao
36841extra mercado,2020-04-04,278.16,alimentacao
extra mercado27202,2021-07-02,165.46,alimentacao
79513Carrefour super,2021-06-19,198.49,alimentacao
95194alura*cursos,2020-04-16,168.6,educacao
50460vivo ctrl,2020-05-16,281.38,servicos
Carrefour super82647,2021-04-30,267.2,alimentacao
rappi app comid48363,2021-01-09,0.34,alimentacao
uberbr uber49118,2021-08-12,194.46,servicos
46702uninove eh dez,2021-09-25,289.7,educacao
pacote de benef67353,2020-03-10,174.45,servicos
claro ctrl91180,2020-08-31,261.2,servicos
Pão de açucar86733,2021-07-08,273.4,alimentacao
6062Pão de açucar,2021-08-24,207.19,alimentacao
alura*cursos18653,2021-08-31,36.73,educacao
5863299 app,2020-04-11,251.45,servicos
merc dia84028,2021-01-27,121.88,alimentacao
6836399 app,2020-06-18,267.67,servicos
2593pacote de benef,2020-03-08,21.31,servicos
Carrefour super85637,2020-02-19,0.4,alimentacao
17571uberbr uber,2021-06-24,290.35,servicos
Seguro vida santander72262,2020-02-20,109.53,servicos
faculdades integradas eniac16106,2021-05-19,151.1,educacao
14168tim beta,2021-11-18,10.7,servicos
alura*cursos73376,2020-12-28,209.97,educacao
45541merc dia,2021-04-10,114.75,alimentacao
8224facu ung guaru,2021-04-08,249.13,educacao
14307Colégio Maristela,2020-01-22,59.17,educacao
merc dia93311,2020-02-10,162.86,alimentacao
alura*cursos34087,2021-09-30,70.69,educacao
Pão de açucar53280,2021-10-12,139.81,alimentacao
uberbr uber44700,2020-05-01,108.58,servicos
merc dia87076,2020-07-21,136.34,alimentacao
70145faculdades integradas eniac,2021-05-10,248.26,educacao
59576Colégio Maristela,2021-03-25,197.17,educacao
75746extra mercado,2020-05-20,162.1,alimentacao
faculdades integradas eniac90226,2021-07-31,48.98,educacao
78662merc dia,2021-08-27,251.89,alimentacao
79445Pão de açucar,2020-01-29,125.38,alimentacao
uberbr uber42509,2020-03-30,229.92,servicos
81877Colégio Maristela,2021-06-19,45.79,educacao
91497Pão de açucar,2020-12-26,248.27,alimentacao
5389faculdades integradas eniac,2020-04-07,6.43,educacao
6941Pão de açucar,2020-10-20,116.16,alimentacao
udemy*java73317,2020-03-01,153.4,educacao
26269faculdades integradas eniac,2021-05-01,214.47,educacao
31324uninove eh dez,2020-04-04,9.57,educacao
Seguro vida santander29659,2020-09-20,187.8,servicos
49139Escola Mariana EE,2021-04-01,173.86,educacao
19682alura*cursos,2021-05-26,55.36,educacao
extra mercado49270,2021-06-19,119.64,alimentacao
70747ubereats,2020-11-14,235.43,alimentacao
18974Colégio Maristela,2021-09-15,61.25,educacao
42885ubereats,2021-02-23,135.87,alimentacao
95601rappi app comid,2021-05-27,201.94,alimentacao
Carrefour super21353,2020-09-21,285.7,alimentacao
Escola Mariana EE91093,2020-02-24,203.9,educacao
claro ctrl75746,2020-10-26,70.79,servicos
69358uninove eh dez,2021-06-16,285.87,educacao
uninove eh dez61478,2021-02-10,273.11,educacao
Carrefour super62303,2020-08-26,184.95,alimentacao
rappi app comid73999,2021-03-16,26.79,alimentacao
Pão de açucar37847,2021-07-24,253.38,alimentacao
vivo ctrl63725,2020-06-16,142.57,servicos
48632udemy*java,2020-04-14,131.51,educacao
22988pacote de benef,2021-01-16,17.73,servicos
Escola Mariana EE61170,2021-03-08,83.41,educacao
40443uberbr uber,2021-11-05,126.44,servicos
39345pacote de benef,2021-06-29,100.61,servicos
60593facu ung guaru,2021-07-24,285.79,educacao
97078Carrefour super,2020-04-05,278.22,alimentacao
alura*cursos44743,2020-11-03,229.37,educacao
36943uninove eh dez,2020-11-24,284.89,educacao
faculdades integradas eniac26913,2021-11-06,170.49,educacao
faculdades integradas eniac63556,2021-07-07,52.69,educacao
26049Carrefour super,2020-11-04,114.85,alimentacao
93107udemy*java,2021-10-08,123.57,educacao
alura*cursos1864,2021-07-23,42.8,educacao
95825extra mercado,2020-06-20,66.74,alimentacao
pacote de benef14051,2021-08-20,120.54,servicos
11202alura*cursos,2020-10-19,92.32,educacao
udemy*java70280,2021-07-22,174.1,educacao
53268faculdades integradas eniac,2020-02-22,78.28,educacao
440Carrefour super,2020-10-28,89.13,alimentacao
uninove eh dez54622,2021-10-20,241.49,educacao
Carrefour super17377,2020-03-11,294.74,alimentacao
5612merc dia,2020-06-23,119.61,alimentacao
Pão de açucar23677,2020-04-14,146.54,alimentacao
udemy*java36315,2020-04-08,153.59,educacao
92769alura*cursos,2021-04-17,232.71,educacao
57239alura*cursos,2021-10-16,227.18,educacao
52104vivo ctrl,2020-12-16,224.22,servicos
uninove eh dez91022,2021-08-29,200.6,educacao
32289pacote de benef,2021-07-07,251.91,servicos
Escola Mariana EE76735,2021-06-23,213.51,educacao
59244claro ctrl,2021-01-15,251.84,servicos
Escola Mariana EE91629,2021-02-08,240.29,educacao
udemy*java36962,2021-06-07,40.69,educacao
tim beta47638,2020-08-29,114.92,servicos
rappi app comid25542,2021-03-20,132.49,alimentacao
Pão de açucar42125,2020-01-04,3.47,alimentacao
63064uberbr uber,2020-04-08,49.68,servicos
Pão de açucar57409,2020-05-18,99.2,alimentacao
33382tim beta,2021-09-03,99.35,servicos
15110pacote de benef,2020-01-29,233.76,servicos
Escola Mariana EE74208,2020-07-19,59.62,educacao
57273Seguro vida santander,2021-10-18,103.39,servicos
25089Seguro vida santander,2020-02-28,79.46,servicos
54927alura*cursos,2020-10-27,157.14,educacao
ubereats29050,2021-05-08,27.42,alimentacao
19733rappi app comid,2021-02-27,8.4,alimentacao
51103pacote de benef,2020-11-01,85.94,servicos
uberbr uber29575,2021-04-08,86.85,servicos
12174udemy*java,2021-07-15,65.92,educacao
